vin,start_time,end_time,org_soh,summileage,smooth_soh,filter_flag,cd_flag
vin123456789,2019/6/15 23:07,2019/6/16 2:54,0.817642643,8622,1.400545724,0,2
vin123456789,2019/6/19 22:00,2019/6/20 1:20,0.812124625,8779,1.400036963,0,2
vin123456789,2019/6/20 19:15,2019/6/20 22:14,0.799924925,8821,1.395091484,0,2
vin123456789,2019/6/21 21:58,2019/6/22 0:55,0.793018018,8860,1.395022721,0,2
vin123456789,2019/6/23 17:09,2019/6/23 20:40,0.84512012,9030,1.441187157,0,2
vin123456789,2019/6/29 16:15,2019/6/29 20:13,0.858633634,9211,1.454106226,0,2
vin123456789,2019/7/5 21:28,2019/7/6 1:05,0.864322656,9460,1.460068311,0,2
vin123456789,2019/7/6 11:10,2019/7/6 14:52,0.871171171,9523,1.466528716,0,2
vin123456789,2019/7/7 22:02,2019/7/8 1:25,0.862124625,9643,1.460435298,0,2
vin123456789,2019/7/10 22:06,2019/7/11 1:51,0.874249249,9759,1.471191457,0,2
vin123456789,2019/7/13 22:05,2019/7/14 1:28,0.864864865,9974,1.464715073,0,2
vin123456789,2019/7/14 22:05,2019/7/15 2:01,0.877965465,10051,1.476049767,0,2
vin123456789,2019/7/15 22:00,2019/7/16 1:24,0.868355856,10103,1.469143945,0,2
vin123456789,2019/7/18 22:06,2019/7/19 1:59,0.884159159,10221,1.482282446,0,2
vin123456789,2019/7/20 22:18,2019/7/21 2:33,0.883708709,10402,1.481837211,0,2
vin123456789,2019/7/24 22:04,2019/7/25 1:55,0.890990991,10543,1.487272936,0,2
vin123456789,2019/7/26 22:10,2019/7/27 2:10,0.89710961,10635,1.491224598,0,2
vin123456789,2019/7/28 22:50,2019/7/29 2:45,0.890315315,10779,1.484820636,0,2
vin123456789,2019/7/29 21:55,2019/7/30 2:10,0.881906907,10859,1.477648306,0,2
vin123456789,2019/8/1 22:18,2019/8/2 2:28,0.880255255,11005,1.476191813,0,2
vin123456789,2019/8/3 22:03,2019/8/4 2:09,0.882357357,11099,1.477684789,0,2
vin123456789,2019/8/4 21:49,2019/8/5 1:24,0.873873874,11193,1.470903248,0,2
vin123456789,2019/8/6 22:13,2019/8/7 1:52,0.885247748,11281,1.479901919,0,2
vin123456789,2019/8/8 22:37,2019/8/9 1:57,0.879542042,11369,1.474942829,0,2
vin123456789,2019/8/10 17:01,2019/8/10 20:46,0.882657658,11510,1.477035087,0,2
vin123456789,2019/8/11 22:00,2019/8/12 1:49,0.882244745,11604,1.47614451,0,2
vin123456789,2019/8/14 15:07,2019/8/14 18:52,0.893093093,11817,1.483782928,0,2
vin123456789,2019/8/16 7:16,2019/8/16 10:29,0.873723724,11881,1.467482531,0,2
vin123456789,2019/8/17 22:03,2019/8/18 1:19,0.884496997,12006,1.475519715,0,2
vin123456789,2019/8/21 22:02,2019/8/22 1:48,0.883746246,12129,1.473805687,0,2
vin123456789,2019/8/23 21:00,2019/8/24 0:26,0.882507508,12184,1.471698523,0,2
vin123456789,2019/8/24 20:50,2019/8/25 0:56,0.886636637,12285,1.473655953,0,2
vin123456789,2019/8/30 7:40,2019/8/30 11:07,0.868243243,12538,1.458080571,0,2
vin123456789,2019/8/31 13:43,2019/8/31 17:15,0.885051718,12607,1.470633698,0,2
vin123456789,2019/9/7 21:57,2019/9/8 1:12,0.870382883,12961,1.457906263,0,2
vin123456789,2019/9/8 15:27,2019/9/8 19:07,0.884834835,13078,1.468400589,0,2
vin123456789,2019/9/14 21:59,2019/9/15 1:29,0.878603604,13355,1.461937899,0,2
vin123456789,2019/9/15 16:40,2019/9/15 19:46,0.88536036,13437,1.465714284,0,2
vin123456789,2019/9/16 22:10,2019/9/17 1:57,0.876238739,13490,1.456779184,0,2
vin123456789,2019/9/21 17:22,2019/9/21 21:02,0.866408075,13663,1.447940582,0,2
vin123456789,2019/9/22 22:01,2019/9/23 1:31,0.860193527,13714,1.442536044,0,2
vin123456789,2019/9/28 22:05,2019/9/29 1:39,0.872334835,13908,1.451525424,0,2
vin123456789,2019/9/30 22:01,2019/10/1 1:04,0.860318652,13974,1.441137508,0,2
vin123456789,2019/10/4 10:59,2019/10/4 19:49,0.886486486,14111,1.460694393,0,2
vin123456789,2019/10/6 22:00,2019/10/7 1:16,0.857982983,14254,1.436534192,0,2
vin123456789,2019/10/8 22:03,2019/10/9 1:33,0.853895562,14367,1.43315757,0,2
vin123456789,2019/10/12 22:01,2019/10/13 1:38,0.866516517,14486,1.442864467,0,2
vin123456789,2019/10/13 22:01,2019/10/14 1:43,0.87037037,14569,1.44459398,0,2
vin123456789,2019/10/14 22:06,2019/10/15 1:41,0.849099099,14620,1.42689325,0,2
vin123456789,2019/10/18 22:29,2019/10/19 2:03,0.855855856,14720,1.432060882,0,2
vin123456789,2019/10/20 8:43,2019/10/20 11:13,0.842342342,14770,1.421233062,0,2
vin123456789,2019/10/20 14:16,2019/10/20 17:21,0.860860861,14822,1.435668602,0,2
vin123456789,2019/10/22 21:54,2019/10/23 1:22,0.853678679,14913,1.429046673,0,2
vin123456789,2019/10/27 16:10,2019/10/27 20:17,0.852185519,15121,1.427236446,0,2
vin123456789,2019/10/31 21:29,2019/11/1 1:15,0.859346847,15303,1.432033018,0,2
vin123456789,2019/11/2 18:15,2019/11/2 21:25,0.865615616,15358,1.435452344,0,2
vin123456789,2019/11/3 22:00,2019/11/4 1:45,0.861945279,15455,1.430704244,0,2
vin123456789,2019/11/4 21:46,2019/11/5 1:21,0.851768435,15553,1.421254135,0,2
vin123456789,2019/11/6 22:03,2019/11/7 1:19,0.849182516,15601,1.41833637,0,2
vin123456789,2019/11/7 22:00,2019/11/8 1:12,0.848973974,15695,1.4173315,0,2
vin123456789,2019/11/8 7:36,2019/11/8 11:16,0.85035035,15757,1.417466511,0,2
vin123456789,2019/11/8 22:06,2019/11/9 2:18,0.840882549,15824,1.40922686,0,2
vin123456789,2019/11/10 13:35,2019/11/10 16:08,0.854437771,15948,1.419173703,0,2
vin123456789,2019/11/11 22:07,2019/11/12 1:50,0.847472472,16027,1.412412002,0,2
vin123456789,2019/11/16 13:15,2019/11/16 16:38,0.869069069,16198,1.427656794,0,2
vin123456789,2019/11/20 22:13,2019/11/21 1:51,0.838922256,16329,1.401857217,0,2
vin123456789,2019/11/21 21:55,2019/11/22 0:51,0.856439773,16368,1.414417263,0,2
vin123456789,2019/11/27 22:10,2019/11/28 2:02,0.823031365,16530,1.386996086,0,2
vin123456789,2019/11/29 22:01,2019/11/30 1:40,0.831331331,16606,1.393807956,0,2
vin123456789,2019/12/5 21:15,2019/12/6 0:42,0.83521021,16690,1.396517055,0,2
vin123456789,2019/12/7 22:01,2019/12/8 1:26,0.820862529,16833,1.385081842,0,2
vin123456789,2019/12/10 21:56,2019/12/11 1:30,0.834722222,16917,1.396125437,0,2
vin123456789,2019/12/12 17:51,2019/12/12 21:41,0.830830831,16975,1.392571965,0,2
vin123456789,2019/12/14 22:04,2019/12/15 1:52,0.833291625,17130,1.394090363,0,2
vin123456789,2019/12/15 22:01,2019/12/16 1:37,0.840590591,17220,1.398963321,0,2
vin123456789,2019/12/20 18:09,2019/12/20 21:55,0.833333333,17382,1.392154496,0,2
vin123456789,2019/12/21 15:37,2019/12/21 19:13,0.829245913,17438,1.38828526,0,2
vin123456789,2019/12/29 20:54,2019/12/30 0:14,0.836419753,17715,1.393210817,0,2
vin123456789,2019/12/30 12:22,2019/12/30 15:55,0.840173507,17772,1.394942777,0,2
vin123456789,2020/1/2 22:01,2020/1/3 1:04,0.824866533,17864,1.381910383,0,2
vin123456789,2020/1/3 22:13,2020/1/4 1:53,0.830663997,17917,1.386123348,0,2
vin123456789,2020/1/4 22:15,2020/1/5 1:40,0.830372039,17988,1.385273264,0,2
vin123456789,2020/1/6 21:53,2020/1/7 1:27,0.847681014,18038,1.397726397,0,2
vin123456789,2020/1/7 18:31,2020/1/7 21:25,0.830830831,18076,1.382886139,0,2
vin123456789,2020/1/8 17:47,2020/1/8 21:20,0.817150484,18114,1.371914286,0,2
vin123456789,2020/1/9 18:23,2020/1/9 21:25,0.817650984,18146,1.37286058,0,2
vin123456789,2020/1/11 22:06,2020/1/12 1:35,0.809017351,18272,1.366902172,0,2
vin123456789,2020/1/13 18:21,2020/1/13 22:09,0.831247915,18329,1.384713302,0,2
vin123456789,2020/1/14 22:02,2020/1/15 2:08,0.816316316,18380,1.373003223,0,2
vin123456789,2020/1/16 22:07,2020/1/17 1:20,0.813188188,18457,1.371623034,0,2
vin123456789,2020/1/18 21:57,2020/1/19 1:20,0.817359026,18554,1.376081143,0,2
vin123456789,2020/1/21 22:17,2020/1/22 1:28,0.820862529,18646,1.379862883,0,2
vin123456789,2020/1/24 10:47,2020/1/24 13:54,0.82315649,18774,1.382579087,0,2
vin123456789,2020/1/24 19:07,2020/1/24 22:46,0.819402736,18851,1.38069221,0,2
vin123456789,2020/1/27 22:11,2020/1/28 1:44,0.811102769,18928,1.375979276,0,2
vin123456789,2020/2/1 22:04,2020/2/2 1:17,0.817901235,19016,1.383586669,0,2
vin123456789,2020/2/5 17:30,2020/2/5 21:06,0.818401735,19091,1.386103628,0,2
vin123456789,2020/2/7 22:03,2020/2/8 1:35,0.818735402,19138,1.388685089,0,2
vin123456789,2020/2/12 17:34,2020/2/12 20:50,0.833249917,19214,1.402151239,0,2
vin123456789,2020/2/18 17:42,2020/2/18 21:28,0.821988655,19286,1.395172344,0,2
vin123456789,2020/2/21 17:56,2020/2/21 22:01,0.835835836,19359,1.408229497,0,2
vin123456789,2020/3/3 17:46,2020/3/3 21:04,0.834668001,19554,1.408967204,0,2
vin123456789,2020/3/7 22:01,2020/3/8 1:35,0.831039373,19626,1.408205138,0,2
vin123456789,2020/3/13 22:05,2020/3/14 1:32,0.828370037,19730,1.408639837,0,2
vin123456789,2020/3/17 22:12,2020/3/18 1:46,0.847180514,19779,1.425625468,0,2
vin123456789,2020/3/24 22:01,2020/3/25 1:00,0.836002669,19901,1.418575908,0,2
vin123456789,2020/3/27 17:44,2020/3/27 20:56,0.824407741,19951,1.412412782,0,2
vin123456789,2020/4/1 22:05,2020/4/2 1:34,0.839422756,20070,1.427455074,0,2
vin123456789,2020/4/6 11:23,2020/4/6 14:50,0.85293627,20229,1.440251753,0,2
vin123456789,2020/4/9 22:00,2020/4/10 0:57,0.833375042,20330,1.427201628,0,2
vin123456789,2020/4/26 17:54,2020/4/26 21:18,0.860885886,20788,1.451421752,0,2
vin123456789,2020/5/6 22:01,2020/5/7 1:39,0.854992492,20993,1.448262661,0,2
vin123456789,2020/5/10 8:16,2020/5/10 11:39,0.853603604,21146,1.449060658,0,2
vin123456789,2020/5/27 17:05,2020/5/27 20:50,0.876501502,21573,1.468298028,0,2
vin123456789,2020/5/29 16:43,2020/5/29 20:32,0.871454788,21639,1.464573891,0,2
vin123456789,2020/6/3 16:38,2020/6/3 19:59,0.870495495,21773,1.464464904,0,2
vin123456789,2020/6/6 9:35,2020/6/6 13:02,0.871396396,21843,1.465911618,0,2
vin123456789,2020/6/9 16:52,2020/6/9 20:00,0.882282282,21890,1.474865,0,2
vin123456789,2020/6/15 17:57,2020/6/15 21:03,0.87042042,22100,1.465810395,0,2
vin123456789,2020/6/19 22:02,2020/6/20 5:43,0.870608108,22206,1.466933569,0,2
vin123456789,2020/6/22 18:04,2020/6/23 7:36,0.872447447,22304,1.469298322,0,2
vin123456789,2020/6/26 16:52,2020/6/26 20:13,0.88963964,22410,1.48300855,0,2
vin123456789,2020/6/29 22:16,2020/6/30 1:34,0.866700033,22512,1.46505224,0,2
vin123456789,2020/7/2 18:19,2020/7/2 21:29,0.875600601,22620,1.473070413,0,2
vin123456789,2020/7/6 22:06,2020/7/7 1:32,0.872497497,22717,1.471314413,0,2
vin123456789,2020/7/7 22:00,2020/7/8 1:26,0.884309309,22761,1.481015894,0,2
vin123456789,2020/7/10 22:16,2020/7/11 2:00,0.876201201,22889,1.474836762,0,2
vin123456789,2020/7/11 13:41,2020/7/11 17:37,0.885885886,22949,1.482532255,0,2
vin123456789,2020/7/18 13:15,2020/7/18 16:26,0.88630297,23159,1.482344535,0,2
vin123456789,2020/7/22 18:20,2020/7/22 21:47,0.889264264,23267,1.483929057,0,2
vin123456789,2020/7/29 12:30,2020/7/29 16:39,0.882807808,23587,1.478142209,0,2
vin123456789,2020/8/2 0:18,2020/8/2 3:42,0.868451785,23717,1.467045891,0,2
vin123456789,2020/8/4 19:40,2020/8/4 22:49,0.877377377,23810,1.474579327,0,2
vin123456789,2020/8/9 21:15,2020/8/10 1:15,0.879546213,23950,1.476127407,0,2
vin123456789,2020/8/11 22:12,2020/8/12 1:55,0.895232733,24005,1.487443229,0,2
vin123456789,2020/8/13 21:59,2020/8/14 2:05,0.887762763,24060,1.479830484,0,2
vin123456789,2020/8/16 8:55,2020/8/16 12:05,0.893768769,24169,1.482733222,0,2
vin123456789,2020/8/17 22:55,2020/8/18 1:59,0.88460961,24203,1.473619007,0,2
vin123456789,2020/8/24 22:09,2020/8/25 1:37,0.892117117,24391,1.477676378,0,2
vin123456789,2020/8/26 22:11,2020/8/27 1:48,0.875053625,24447,1.462462299,0,2
vin123456789,2020/9/2 22:01,2020/9/3 1:40,0.871329663,24594,1.458696608,0,2
vin123456789,2020/9/4 23:13,2020/9/5 2:25,0.876914414,24643,1.462156449,0,2
vin123456789,2020/9/8 22:13,2020/9/9 1:41,0.883633634,24739,1.465735955,0,2
vin123456789,2020/9/10 18:11,2020/9/10 21:46,0.878378378,24810,1.459561232,0,2
vin123456789,2020/9/14 18:00,2020/9/14 21:29,0.872372372,24922,1.453079882,0,2
vin123456789,2020/9/18 17:43,2020/9/18 21:18,0.86509009,25034,1.446018967,0,2
vin123456789,2020/9/22 18:01,2020/9/22 21:49,0.87012012,25110,1.44860216,0,2
vin123456789,2020/9/24 22:07,2020/9/25 1:42,0.869106607,25160,1.446046902,0,2
vin123456789,2020/9/27 22:36,2020/9/28 1:58,0.873010511,25210,1.447022308,0,2
vin123456789,2020/10/13 17:38,2020/10/13 21:18,0.877552553,25671,1.447962534,0,2
vin123456789,2020/10/18 22:16,2020/10/19 1:34,0.858000858,25909,1.43032294,0,2
vin123456789,2020/10/24 15:26,2020/10/24 18:02,0.852769436,26083,1.4249675,0,2
vin123456789,2020/10/25 13:18,2020/10/25 16:00,0.859025692,26140,1.428557855,0,2
vin123456789,2020/10/25 22:09,2020/10/26 1:14,0.850975976,26186,1.420756226,0,2
vin123456789,2020/10/31 21:53,2020/11/1 0:29,0.843009676,26387,1.413706036,0,2
vin123456789,2020/11/1 15:22,2020/11/1 18:11,0.861111111,26451,1.426660387,0,2
vin123456789,2020/11/2 18:00,2020/11/2 21:18,0.864714715,26492,1.426956527,0,2
vin123456789,2020/11/11 8:09,2020/11/11 11:12,0.837504171,26761,1.403765132,0,2
vin123456789,2020/11/14 13:04,2020/11/14 16:10,0.859109109,26908,1.419294862,0,2
vin123456789,2020/11/18 17:48,2020/11/18 21:24,0.85990991,27057,1.41708856,0,2
vin123456789,2020/11/21 0:59,2020/11/21 3:47,0.835001668,27131,1.395509204,0,2
vin123456789,2020/11/26 17:57,2020/11/26 21:31,0.841216216,27304,1.399444719,0,2
vin123456789,2020/11/30 17:47,2020/11/30 20:47,0.83008008,27428,1.389774996,0,2
vin123456789,2020/12/2 17:55,2020/12/2 21:16,0.834000667,27484,1.392486929,0,2
vin123456789,2020/12/4 17:46,2020/12/4 20:58,0.822989656,27539,1.383518523,0,2
vin123456789,2020/12/6 11:35,2020/12/6 15:01,0.835885886,27625,1.39335844,0,2
vin123456789,2020/12/7 17:41,2020/12/7 20:22,0.822781114,27664,1.382727296,0,2
vin123456789,2020/12/9 22:01,2020/12/10 1:29,0.843009676,27763,1.398044208,0,2
vin123456789,2020/12/11 12:07,2020/12/11 14:47,0.835168502,27828,1.390579069,0,2
vin123456789,2020/12/16 17:46,2020/12/16 20:51,0.8162329,28010,1.375664077,0,2
vin123456789,2020/12/19 15:18,2020/12/19 19:09,0.832499166,28127,1.388674088,0,2
vin123456789,2020/12/25 22:03,2020/12/26 1:43,0.828040541,28318,1.384715279,0,2
vin123456789,2020/12/27 17:42,2020/12/27 20:37,0.838672005,28393,1.392319668,0,2
vin123456789,2021/1/2 22:02,2021/1/3 1:08,0.810977644,28634,1.370487744,0,2
vin123456789,2021/1/3 17:55,2021/1/3 20:57,0.825992659,28685,1.382988936,0,2
vin123456789,2021/1/4 21:24,2021/1/5 0:45,0.824657991,28736,1.38195117,0,2
vin123456789,2021/1/5 17:45,2021/1/5 20:38,0.801009343,28761,1.364514381,0,2
vin123456789,2021/1/10 17:11,2021/1/10 19:30,0.813063063,28989,1.375901682,0,2
vin123456789,2021/1/12 21:13,2021/1/13 0:26,0.830121788,29113,1.389959307,0,2
vin123456789,2021/1/14 17:37,2021/1/14 21:02,0.83700367,29185,1.394792573,0,2
vin123456789,2021/1/15 20:31,2021/1/16 0:31,0.820653987,29238,1.38174852,0,2
vin123456789,2021/1/18 20:15,2021/1/18 23:40,0.822489156,29340,1.383953844,0,2
vin123456789,2021/1/20 22:02,2021/1/21 1:31,0.830914248,29399,1.390914025,0,2
vin123456789,2021/1/21 19:57,2021/1/21 22:34,0.841007674,29457,1.398317431,0,2
vin123456789,2021/1/23 14:25,2021/1/23 17:22,0.823907241,29536,1.384598144,0,2
vin123456789,2021/1/25 17:38,2021/1/25 21:15,0.837504171,29644,1.395251723,0,2
vin123456789,2021/1/27 17:46,2021/1/27 21:42,0.831748415,29694,1.390197735,0,2
vin123456789,2021/1/29 21:14,2021/1/30 0:22,0.821058559,29780,1.382070293,0,2
vin123456789,2021/1/31 19:01,2021/1/31 21:21,0.825367034,29813,1.386265885,0,2
vin123456789,2021/2/2 17:37,2021/2/2 20:45,0.821571572,29873,1.384114457,0,2
vin123456789,2021/2/6 21:36,2021/2/7 1:14,0.830205205,30060,1.391543794,0,2
vin123456789,2021/2/8 17:41,2021/2/8 20:52,0.814481148,30119,1.380184686,0,2
vin123456789,2021/2/11 10:00,2021/2/11 13:12,0.831831832,30198,1.395004705,0,2
vin123456789,2021/2/15 18:33,2021/2/15 23:46,0.819256757,30338,1.386199287,0,2
vin123456789,2021/2/19 8:48,2021/2/19 11:37,0.817567568,30392,1.386855033,0,2
vin123456789,2021/2/19 17:56,2021/2/19 21:20,0.841841842,30475,1.407082753,0,2
vin123456789,2021/2/26 9:30,2021/2/26 12:32,0.827077077,30757,1.396059834,0,2
vin123456789,2021/2/26 18:44,2021/2/27 1:10,0.833500167,30804,1.402234545,0,2
vin123456789,2021/2/28 17:07,2021/2/28 20:31,0.855292793,30924,1.41885758,0,2
vin123456789,2021/3/2 17:36,2021/3/2 20:33,0.833917251,30988,1.401813246,0,2
vin123456789,2021/3/4 17:37,2021/3/4 21:16,0.838254922,31082,1.405965286,0,2
vin123456789,2021/3/5 20:50,2021/3/6 0:08,0.837754421,31164,1.406152452,0,2
vin123456789,2021/3/6 22:17,2021/3/7 1:35,0.821404738,31274,1.394860862,0,2
vin123456789,2021/3/7 17:49,2021/3/7 21:09,0.827327327,31324,1.401749709,0,2
vin123456789,2021/3/10 19:46,2021/3/10 22:22,0.8331665,31398,1.408061278,0,2
vin123456789,2021/3/13 13:09,2021/3/13 16:57,0.853528529,31532,1.424563339,0,2
vin123456789,2021/3/17 18:32,2021/3/17 21:33,0.838254922,31701,1.412851409,0,2
vin123456789,2021/3/19 18:29,2021/3/19 21:24,0.824366033,31782,1.404064275,0,2
vin123456789,2021/3/21 17:08,2021/3/21 20:21,0.843927261,31842,1.421491371,0,2
vin123456789,2021/3/26 22:38,2021/3/27 2:12,0.845553887,32015,1.423868908,0,2
vin123456789,2021/3/28 18:40,2021/3/28 22:05,0.871121121,32123,1.443814803,0,2
vin123456789,2021/4/1 18:31,2021/4/1 21:31,0.850517184,32281,1.427093806,0,2
vin123456789,2021/4/2 19:16,2021/4/2 22:28,0.855105105,32326,1.43109266,0,2
vin123456789,2021/4/3 15:42,2021/4/3 19:02,0.844010677,32378,1.423265515,0,2
vin123456789,2021/4/4 19:43,2021/4/4 23:02,0.840507174,32487,1.422335597,0,2
vin123456789,2021/4/5 14:56,2021/4/5 18:13,0.859109109,32539,1.438197023,0,2
vin123456789,2021/4/8 18:46,2021/4/8 22:32,0.850266934,32614,1.432084084,0,2
vin123456789,2021/4/10 10:01,2021/4/10 13:17,0.844344344,32662,1.429136311,0,2
vin123456789,2021/4/11 17:12,2021/4/11 20:51,0.852602603,32712,1.437324422,0,2
vin123456789,2021/4/13 19:19,2021/4/13 22:17,0.843259927,32761,1.431845205,0,2
vin123456789,2021/4/15 18:16,2021/4/15 21:13,0.844260928,32809,1.435203036,0,2
vin123456789,2021/4/18 19:34,2021/4/18 22:46,0.857857858,32934,1.447949956,0,2
vin123456789,2021/4/20 15:09,2021/4/20 18:29,0.861945279,33069,1.452492599,0,2
vin123456789,2021/4/23 17:44,2021/4/23 20:51,0.888438438,33203,1.473146058,0,2
vin123456789,2021/4/27 19:04,2021/4/27 22:52,0.861561562,33320,1.451776526,0,2
vin123456789,2021/4/28 18:10,2021/4/28 21:12,0.868543544,33364,1.458224497,0,2
vin123456789,2021/5/1 19:16,2021/5/1 23:07,0.87515015,33451,1.463883144,0,2
vin123456789,2021/5/3 1:00,2021/5/3 4:18,0.850075075,33506,1.445745141,0,2
vin123456789,2021/5/4 16:42,2021/5/4 20:30,0.864698031,33638,1.459623872,0,2
vin123456789,2021/5/9 17:37,2021/5/9 21:27,0.880255255,33764,1.472784526,0,2
vin123456789,2021/5/17 18:05,2021/5/17 21:30,0.871321321,33934,1.46636128,0,2
vin123456789,2021/5/24 21:54,2021/5/25 1:38,0.875187688,34191,1.469951761,0,2
vin123456789,2021/5/27 22:00,2021/5/28 1:35,0.875337838,34271,1.470856642,0,2
vin123456789,2021/6/1 23:51,2021/6/2 3:27,0.866141141,34458,1.465062395,0,2
vin123456789,2021/6/3 18:02,2021/6/3 21:53,0.86319653,34522,1.464961811,0,2
vin123456789,2021/6/6 21:25,2021/6/7 1:43,0.869661328,34676,1.472190047,0,2
vin123456789,2021/6/8 17:49,2021/6/8 21:13,0.887554221,34792,1.487070616,0,2
vin123456789,2021/6/11 17:59,2021/6/11 21:18,0.885960961,34864,1.485726345,0,2
vin123456789,2021/6/14 22:21,2021/6/15 2:12,0.889301802,35269,1.488082576,0,2
vin123456789,2021/6/16 22:01,2021/6/17 1:38,0.879504505,35321,1.480509272,0,2
vin123456789,2021/6/18 18:06,2021/6/18 21:22,0.870645646,35370,1.474737048,0,2
vin123456789,2021/7/6 18:45,2021/7/6 23:00,0.889489489,35816,1.490142851,0,2
vin123456789,2021/7/11 9:01,2021/7/11 12:53,0.903820487,36003,1.500136931,0,2
vin123456789,2021/7/11 19:56,2021/7/11 23:11,0.896021021,36040,1.492423797,0,2
vin123456789,2021/7/17 9:56,2021/7/17 13:57,0.895195195,36186,1.490521135,0,2
vin123456789,2021/7/22 17:44,2021/7/22 21:41,0.885585586,36287,1.482291884,0,2
vin123456789,2021/7/25 8:39,2021/7/25 12:40,0.881231231,36367,1.478888584,0,2
vin123456789,2021/7/27 17:36,2021/7/27 21:29,0.878303303,36449,1.47693244,0,2
vin123456789,2021/7/31 20:43,2021/8/1 0:21,0.890615616,36575,1.486309031,0,2
vin123456789,2021/8/4 17:44,2021/8/4 20:57,0.884009009,36673,1.480432224,0,2
vin123456789,2021/8/9 20:41,2021/8/10 0:21,0.886861862,36831,1.482116284,0,2
vin123456789,2021/8/12 18:50,2021/8/12 22:30,0.880255255,36890,1.47654726,0,2
vin123456789,2021/8/14 17:30,2021/8/14 20:45,0.87728979,36936,1.474341301,0,2
vin123456789,2021/8/17 22:01,2021/8/18 1:15,0.877168836,36996,1.474552483,0,2
vin123456789,2021/8/19 17:39,2021/8/19 20:46,0.887387387,37045,1.48230985,0,2
vin123456789,2021/8/21 19:42,2021/8/21 23:32,0.883033033,37092,1.478255417,0,2
vin123456789,2021/8/26 21:24,2021/8/27 0:50,0.880142643,37210,1.475522067,0,2
vin123456789,2021/8/29 22:01,2021/8/30 1:44,0.885463589,37339,1.478883639,0,2
vin123456789,2021/8/31 17:46,2021/8/31 21:24,0.899324324,37387,1.487643769,0,2
vin123456789,2021/9/2 17:39,2021/9/2 21:12,0.877927928,37436,1.468930305,0,2
vin123456789,2021/9/5 16:23,2021/9/5 19:36,0.88963964,37485,1.476525194,0,2
vin123456789,2021/9/7 22:02,2021/9/8 1:16,0.876276276,37534,1.464304532,0,2
vin123456789,2021/9/14 19:24,2021/9/14 23:18,0.87042042,37787,1.45945561,0,2
vin123456789,2021/9/17 22:00,2021/9/18 1:49,0.869119119,37880,1.457955056,0,2
vin123456789,2021/9/19 20:59,2021/9/20 0:56,0.871162829,37982,1.458941332,0,2
vin123456789,2021/9/23 22:38,2021/9/24 1:51,0.877102102,38055,1.462462246,0,2
vin123456789,2021/10/1 22:01,2021/10/2 1:33,0.877777778,38299,1.461264039,0,2
vin123456789,2021/10/2 18:51,2021/10/2 22:45,0.877402402,38379,1.45907889,0,2
vin123456789,2021/10/9 17:49,2021/10/9 20:58,0.880105105,38529,1.458977886,0,2
vin123456789,2021/10/10 17:10,2021/10/10 20:27,0.880405405,38586,1.456613964,0,2
vin123456789,2021/10/14 22:00,2021/10/15 1:15,0.875225225,38683,1.450064976,0,2
vin123456789,2021/10/17 12:57,2021/10/17 16:10,0.850266934,38847,1.429694464,0,2
vin123456789,2021/10/17 20:00,2021/10/17 23:21,0.852602603,38923,1.431865898,0,2
vin123456789,2021/10/19 17:52,2021/10/19 21:29,0.855438772,38974,1.434043656,0,2
vin123456789,2021/10/21 17:48,2021/10/21 21:32,0.854104104,39043,1.432883667,0,2
vin123456789,2021/10/23 17:22,2021/10/23 21:09,0.859234234,39097,1.436455649,0,2
vin123456789,2021/10/24 22:05,2021/10/25 1:35,0.847597598,39217,1.42726749,0,2
vin123456789,2021/10/26 18:11,2021/10/26 22:04,0.857882883,39277,1.435021077,0,2
vin123456789,2021/10/29 21:24,2021/10/30 1:24,0.86011011,39395,1.435614588,0,2
vin123456789,2021/10/31 13:18,2021/10/31 17:25,0.868768769,39532,1.440391867,0,2
vin123456789,2021/11/1 22:20,2021/11/2 2:06,0.848682015,39592,1.423239189,0,2
vin123456789,2021/11/3 18:27,2021/11/3 22:14,0.858858859,39642,1.430297995,0,2
vin123456789,2021/11/5 19:33,2021/11/5 23:12,0.855855856,39717,1.426436715,0,2
vin123456789,2021/11/6 17:10,2021/11/6 21:18,0.853353353,39790,1.423178567,0,2
vin123456789,2021/11/7 12:58,2021/11/7 16:55,0.853828829,39861,1.422320693,0,2
vin123456789,2021/11/10 18:00,2021/11/10 21:45,0.845929263,39956,1.415275903,0,2
vin123456789,2021/11/14 19:51,2021/11/14 23:02,0.843593594,40134,1.413060958,0,2
vin123456789,2021/11/16 22:13,2021/11/17 1:43,0.843385052,40182,1.412584465,0,2
vin123456789,2021/11/19 18:45,2021/11/19 22:23,0.855188522,40254,1.420537898,0,2
vin123456789,2021/11/20 19:27,2021/11/20 23:37,0.845095095,40314,1.411122461,0,2
vin123456789,2021/11/21 8:57,2021/11/21 12:07,0.846546547,40362,1.411147663,0,2
vin123456789,2021/11/22 22:01,2021/11/23 1:39,0.822614281,40411,1.392972851,0,2
vin123456789,2021/11/25 18:40,2021/11/25 22:32,0.84034034,40484,1.407326447,0,2
vin123456789,2021/11/26 22:50,2021/11/27 2:42,0.838851351,40539,1.405582899,0,2
vin123456789,2021/11/27 21:04,2021/11/28 0:58,0.838250751,40623,1.404462558,0,2
vin123456789,2021/11/28 13:51,2021/11/28 17:40,0.856981982,40697,1.416769415,0,2
vin123456789,2021/12/2 18:01,2021/12/2 21:47,0.82957958,40834,1.393601435,0,2
vin123456789,2021/12/4 17:41,2021/12/4 21:28,0.841328829,40967,1.401737799,0,2
vin123456789,2021/12/5 14:43,2021/12/5 18:14,0.848515182,41045,1.405079771,0,2
vin123456789,2021/12/6 17:50,2021/12/6 21:10,0.83958959,41093,1.395919481,0,2
vin123456789,2021/12/11 21:56,2021/12/12 1:21,0.831790123,41259,1.388571843,0,2
vin123456789,2021/12/12 16:07,2021/12/12 19:07,0.834918252,41296,1.390006554,0,2
vin123456789,2021/12/17 17:48,2021/12/17 21:23,0.815315315,41424,1.374865077,0,2
vin123456789,2021/12/18 17:48,2021/12/18 21:34,0.826910244,41477,1.384415217,0,2
vin123456789,2021/12/19 15:50,2021/12/19 19:36,0.837420754,41549,1.391718219,0,2
vin123456789,2021/12/21 22:05,2021/12/22 1:00,0.830413747,41610,1.385070535,0,2
vin123456789,2021/12/24 19:41,2021/12/24 23:30,0.820236904,41712,1.376957027,0,2
vin123456789,2021/12/25 17:30,2021/12/25 20:32,0.817267267,41788,1.375334326,0,2
vin123456789,2021/12/26 13:32,2021/12/26 16:36,0.799215883,41866,1.363387394,0,2
vin123456789,2021/12/28 18:04,2021/12/28 21:21,0.819652986,41948,1.381169813,0,2
vin123456789,2022/1/1 20:58,2022/1/2 0:42,0.830292793,42092,1.389387765,0,2
vin123456789,2022/1/3 17:53,2022/1/3 21:07,0.836586587,42206,1.393093812,0,2
vin123456789,2022/1/9 16:15,2022/1/9 19:35,0.832248916,42354,1.388281137,0,2
vin123456789,2022/1/15 20:59,2022/1/16 0:38,0.824737237,42590,1.38170467,0,2
vin123456789,2022/1/16 16:30,2022/1/16 19:29,0.83475976,42675,1.388506657,0,2
vin123456789,2022/1/17 18:05,2022/1/17 21:34,0.829162496,42729,1.382773501,0,2
vin123456789,2022/1/20 18:37,2022/1/20 21:36,0.819652986,42802,1.374730288,0,2
vin123456789,2022/1/23 14:52,2022/1/23 18:04,0.828745412,42915,1.381116381,0,2
vin123456789,2022/1/27 17:39,2022/1/27 21:23,0.818651985,43032,1.372731424,0,2
vin123456789,2022/1/28 16:41,2022/1/28 19:45,0.817233901,43064,1.371788971,0,2
vin123456789,2022/2/2 10:39,2022/2/2 14:09,0.827577578,43171,1.379358173,0,2
vin123456789,2022/2/3 13:38,2022/2/3 16:55,0.815982649,43294,1.370356694,0,2
vin123456789,2022/2/5 20:17,2022/2/5 23:28,0.810894228,43373,1.367940285,0,2
vin123456789,2022/2/6 10:36,2022/2/6 14:17,0.821654988,43437,1.377724229,0,2
vin123456789,2022/2/6 21:22,2022/2/7 0:29,0.823990657,43539,1.380488399,0,2
vin123456789,2022/2/8 21:16,2022/2/9 0:56,0.818360027,43601,1.377415456,0,2
vin123456789,2022/2/12 17:39,2022/2/12 21:12,0.824407741,43703,1.383503084,0,2
vin123456789,2022/2/13 17:33,2022/2/13 21:15,0.822072072,43782,1.38321627,0,2
vin123456789,2022/2/16 17:50,2022/2/16 21:36,0.8167334,43862,1.381653133,0,2
vin123456789,2022/2/17 18:32,2022/2/17 21:16,0.801217885,43889,1.374238408,0,2
vin123456789,2022/2/21 17:59,2022/2/21 21:08,0.820904238,44009,1.394335154,0,2
vin123456789,2022/2/24 18:27,2022/2/24 21:55,0.825909243,44113,1.402038755,0,2
vin123456789,2022/2/26 22:36,2022/2/27 1:28,0.826451451,44178,1.406271458,0,2
vin123456789,2022/2/27 15:43,2022/2/27 19:04,0.845845846,44245,1.424098877,0,2
vin123456789,2022/3/3 18:01,2022/3/3 21:41,0.855188522,44344,1.432562715,0,2
vin123456789,2022/3/10 21:58,2022/3/11 1:31,0.850016683,44501,1.429909461,0,2
vin123456789,2022/3/15 18:52,2022/3/15 22:13,0.855855856,44573,1.435995968,0,2
vin123456789,2022/3/21 19:52,2022/3/21 23:30,0.828912246,44669,1.418558168,0,2
vin123456789,2022/3/26 22:01,2022/3/27 0:58,0.838630297,44786,1.431137697,0,2
vin123456789,2022/5/21 18:40,2022/5/24 20:21,0.854688021,44867,1.447071158,0,2
vin123456789,2022/6/3 18:26,2022/6/3 21:37,0.868118118,44981,1.459654541,0,2
vin123456789,2022/6/5 20:42,2022/6/6 0:20,0.864226727,45036,1.45854977,0,2
vin123456789,2022/6/7 20:16,2022/6/7 23:33,0.871846847,45085,1.466206181,0,2
vin123456789,2022/6/8 12:31,2022/6/8 16:22,0.877702703,45144,1.471099831,0,2
vin123456789,2022/6/11 8:34,2022/6/11 11:40,0.858024691,45222,1.458439069,0,2
vin123456789,2022/6/14 18:14,2022/6/14 21:29,0.873348348,45317,1.47313408,0,2
vin123456789,2022/6/17 18:00,2022/6/17 21:33,0.87987988,45408,1.479673135,0,2
vin123456789,2022/6/18 17:43,2022/6/18 21:07,0.885435435,45468,1.484621822,0,2
vin123456789,2022/6/21 18:00,2022/6/21 21:23,0.880463797,45531,1.481687417,0,2
vin123456789,2022/6/24 18:29,2022/6/24 21:36,0.873273273,45631,1.478146587,0,2
vin123456789,2022/6/27 17:43,2022/6/27 21:01,0.889305973,45732,1.491809883,0,2
vin123456789,2022/6/30 17:52,2022/6/30 20:47,0.865031698,45832,1.475408727,0,2
vin123456789,2022/7/8 18:32,2022/7/8 22:21,0.922447447,46024,1.518821874,0,2
vin123456789,2022/7/9 16:15,2022/7/9 20:00,0.89466967,46064,1.494349926,0,2
vin123456789,2022/7/15 17:33,2022/7/15 21:03,0.880780781,46217,1.483425762,0,2
vin123456789,2022/7/20 19:31,2022/7/20 23:19,0.895345345,46335,1.493875909,0,2
vin123456789,2022/7/25 21:59,2022/7/26 1:37,0.886073574,46449,1.48548681,0,2
vin123456789,2022/7/28 17:43,2022/7/28 20:51,0.889723056,46526,1.487168221,0,2
vin123456789,2022/8/2 17:42,2022/8/2 21:00,0.885719052,46642,1.48277003,0,2
vin123456789,2022/8/7 17:08,2022/8/7 21:22,0.899774775,46867,1.491144775,0,2
vin123456789,2022/8/16 18:00,2022/8/16 21:14,0.892867868,46956,1.482740265,0,2
vin123456789,2022/8/18 17:38,2022/8/18 21:00,0.887762763,47019,1.476261799,0,2
vin123456789,2022/8/20 16:59,2022/8/20 20:06,0.890690691,47119,1.475833171,0,2
vin123456789,2022/8/24 17:43,2022/8/24 21:13,0.872872873,47212,1.46043439,0,2
vin123456789,2022/8/31 17:48,2022/8/31 21:31,0.865915916,47401,1.454883516,0,2
vin123456789,2022/9/9 17:40,2022/9/9 21:12,0.878228228,47658,1.46354066,0,2
vin123456789,2022/9/15 17:43,2022/9/15 20:39,0.860860861,47831,1.450189962,0,2
vin123456789,2022/9/17 22:11,2022/9/18 2:05,0.873686186,47939,1.45993637,0,2
vin123456789,2022/9/19 17:48,2022/9/19 21:32,0.87012012,47994,1.456352673,0,2
vin123456789,2022/9/21 17:46,2022/9/21 20:57,0.868034701,48056,1.454239329,0,2
vin123456789,2022/9/23 17:40,2022/9/23 21:40,0.868318318,48119,1.454009259,0,2
vin123456789,2022/9/27 17:36,2022/9/27 21:20,0.879054054,48201,1.460314461,0,2
vin123456789,2022/9/29 18:02,2022/9/29 21:22,0.864364364,48262,1.447287387,0,2
vin123456789,2022/10/13 17:42,2022/10/13 21:35,0.869144144,48442,1.449728041,0,2
vin123456789,2022/10/16 11:07,2022/10/16 15:01,0.867192192,48557,1.44669861,0,2
vin123456789,2022/10/18 18:44,2022/10/18 22:27,0.848098098,48619,1.432314375,0,2
vin123456789,2022/10/20 17:51,2022/10/20 21:34,0.860777444,48681,1.442435188,0,2
vin123456789,2022/10/22 10:53,2022/10/22 14:24,0.875975976,48767,1.452059634,0,2
vin123456789,2022/10/25 18:29,2022/10/25 22:04,0.861194528,48854,1.438702835,0,2
vin123456789,2022/10/30 17:33,2022/10/30 21:27,0.862237237,49043,1.438432089,0,2
vin123456789,2022/11/1 17:47,2022/11/1 21:16,0.864447781,49106,1.43795161,0,2
vin123456789,2022/11/4 17:44,2022/11/4 21:05,0.840423757,49200,1.418618698,0,2
vin123456789,2022/11/5 20:06,2022/11/5 23:08,0.847180514,49249,1.423647835,0,2
vin123456789,2022/11/6 14:44,2022/11/6 17:39,0.861194528,49308,1.432140741,0,2
vin123456789,2022/11/8 17:41,2022/11/8 21:12,0.858942276,49374,1.426857382,0,2
vin123456789,2022/11/10 22:21,2022/11/11 1:53,0.854813146,49436,1.420093183,0,2
vin123456789,2022/11/15 17:53,2022/11/15 21:27,0.848181515,49500,1.411812298,0,2
vin123456789,2022/11/20 14:19,2022/11/20 17:55,0.856831832,49608,1.415251844,0,2
vin123456789,2022/11/25 17:58,2022/11/25 21:43,0.854129129,49765,1.408195463,0,2
vin123456789,2022/11/28 19:22,2022/11/28 22:46,0.861111111,49808,1.40737234,0,2
vin123456789,2022/11/30 17:56,2022/11/30 20:41,0.808558559,49891,1.365555782,0,2
vin123456789,2022/12/1 22:01,2022/12/2 0:38,0.805889223,49922,1.36659462,0,2
vin123456789,2022/12/2 18:21,2022/12/2 21:40,0.820570571,49968,1.379989047,0,2
vin123456789,2022/12/3 15:39,2022/12/3 19:03,0.829496163,50026,1.386960992,0,2
vin123456789,2022/12/6 17:44,2022/12/6 21:16,0.82699366,50099,1.384313193,0,2
vin123456789,2022/12/12 21:15,2022/12/13 0:35,0.81956957,50284,1.378545814,0,2
vin123456789,2022/12/13 21:38,2022/12/14 0:32,0.81996997,50317,1.379272383,0,2
vin123456789,2022/12/14 17:00,2022/12/14 20:33,0.837743994,50382,1.391201516,0,2
vin123456789,2022/12/19 17:53,2022/12/19 21:08,0.822822823,50465,1.378050107,0,2
vin123456789,2022/12/24 14:38,2022/12/24 17:36,0.813563564,50570,1.371188156,0,2
vin123456789,2023/1/6 17:58,2023/1/6 21:21,0.838171505,50710,1.388282347,0,2
vin123456789,2023/1/8 17:44,2023/1/8 20:48,0.835335335,50823,1.382711417,0,2
vin123456789,2023/1/9 18:39,2023/1/9 21:43,0.823990657,50859,1.371855222,0,2
vin123456789,2023/1/16 11:04,2023/1/16 13:50,0.802218886,51064,1.356383353,0,2
vin123456789,2023/1/17 11:51,2023/1/17 14:52,0.80672339,51120,1.362406761,0,2
vin123456789,2023/1/19 11:45,2023/1/19 15:08,0.820153487,51204,1.373664167,0,2
vin123456789,2023/1/20 10:30,2023/1/20 13:33,0.817400734,51253,1.371667822,0,2
vin123456789,2023/1/25 13:33,2023/1/25 16:48,0.813156907,51303,1.370274459,0,2
vin123456789,2023/1/26 20:28,2023/1/26 23:30,0.81314648,51376,1.372706776,0,2
vin123456789,2023/2/1 17:45,2023/2/1 21:03,0.821905239,51482,1.381477684,0,2
vin123456789,2023/2/8 17:49,2023/2/8 21:29,0.827827828,51636,1.387182221,0,2
vin123456789,2023/2/10 17:37,2023/2/10 21:15,0.820987654,51699,1.38392845,0,2
vin123456789,2023/2/11 17:36,2023/2/11 20:58,0.827660994,51736,1.391039251,0,2
vin123456789,2023/2/15 18:12,2023/2/15 21:17,0.818985652,51830,1.387401247,0,2
vin123456789,2023/2/23 17:49,2023/2/23 21:15,0.820403737,52038,1.392473465,0,2
vin123456789,2023/2/28 17:38,2023/2/28 21:06,0.847263931,52156,1.413700932,0,2
vin123456789,2023/3/2 22:02,2023/3/3 1:35,0.824991658,52217,1.39834479,0,2
vin123456789,2023/3/9 22:06,2023/3/10 1:19,0.84855689,52358,1.417238202,0,2
vin123456789,2023/3/14 18:05,2023/3/14 21:11,0.845595596,52436,1.414781596,0,2
vin123456789,2023/3/16 17:38,2023/3/16 21:11,0.840924258,52499,1.411994079,0,2
vin123456789,2023/3/19 12:30,2023/3/19 16:04,0.83976834,52571,1.412587253,0,2
vin123456789,2023/3/20 17:45,2023/3/20 20:30,0.840423757,52614,1.414788102,0,2
vin123456789,2023/3/22 21:21,2023/3/23 2:53,0.84253003,52676,1.418052942,0,2
vin123456789,2023/3/23 19:14,2023/3/23 22:24,0.840173507,52723,1.418304344,0,2
vin123456789,2023/3/30 17:52,2023/3/30 21:24,0.844144144,52879,1.423883485,0,2
vin123456789,2023/4/1 17:01,2023/4/1 20:58,0.858108108,52985,1.435324158,0,2
vin123456789,2023/4/4 17:46,2023/4/4 21:29,0.859776443,53085,1.43592845,0,2
vin123456789,2023/4/7 17:38,2023/4/7 21:13,0.850900901,53173,1.430043262,0,2
vin123456789,2023/4/9 11:38,2023/4/9 14:20,0.849182516,53215,1.430900981,0,2
vin123456789,2023/4/10 23:31,2023/4/11 2:21,0.849516183,53260,1.434055649,0,2
vin123456789,2023/4/13 17:52,2023/4/13 21:34,0.852852853,53372,1.439481923,0,2
vin123456789,2023/4/15 12:44,2023/4/15 16:56,0.863888889,53518,1.44896303,0,2
vin123456789,2023/4/17 19:59,2023/4/17 23:28,0.871871872,53575,1.454177823,0,2
vin123456789,2023/4/21 17:43,2023/4/21 20:52,0.853697447,53727,1.441518141,0,2
vin123456789,2023/4/22 15:32,2023/4/22 19:32,0.867192192,53793,1.452480548,0,2
vin123456789,2023/4/27 17:38,2023/4/27 21:09,0.862028695,53919,1.449074637,0,2
vin123456789,2023/4/28 21:40,2023/4/29 1:41,0.871133634,54001,1.455870978,0,2
vin123456789,2023/5/4 17:37,2023/5/4 20:58,0.868018018,54196,1.45286693,0,2
vin123456789,2023/5/6 19:15,2023/5/6 23:06,0.861027694,54282,1.44826417,0,2
vin123456789,2023/5/9 17:39,2023/5/9 21:15,0.870704037,54347,1.45470746,0,2
vin123456789,2023/5/10 18:10,2023/5/10 21:50,0.861711712,54403,1.448568782,0,2
vin123456789,2023/5/12 17:44,2023/5/12 21:29,0.864114114,54467,1.451803161,0,2
vin123456789,2023/5/13 22:08,2023/5/14 1:24,0.868280781,54540,1.45637417,0,2
vin123456789,2023/5/15 22:06,2023/5/16 1:36,0.876201201,54598,1.461715531,0,2
vin123456789,2023/5/18 17:40,2023/5/18 21:15,0.860960961,54686,1.452350131,0,2
vin123456789,2023/5/22 20:37,2023/5/22 23:38,0.851201201,54740,1.450650463,0,2
vin123456789,2023/5/28 19:06,2023/5/28 22:01,0.884534535,54884,1.476788326,0,2
vin123456789,2023/5/31 22:00,2023/6/1 1:03,0.874099099,54979,1.468986766,0,2
vin123456789,2023/6/2 20:06,2023/6/2 23:56,0.889723056,55038,1.479264171,0,2
vin123456789,2023/6/6 20:21,2023/6/7 0:02,0.864197531,55155,1.462174613,0,2
vin123456789,2023/6/9 19:15,2023/6/9 23:07,0.887387387,55272,1.480043844,0,2
vin123456789,2023/6/13 21:58,2023/6/14 1:44,0.869632132,55383,1.468163149,0,2
vin123456789,2023/6/16 17:52,2023/6/16 21:38,0.877102102,55487,1.476734228,0,2
vin123456789,2023/6/20 22:33,2023/6/21 2:07,0.880213547,55659,1.481943291,0,2
vin123456789,2023/6/21 19:28,2023/6/22 9:04,0.889222556,55717,1.489987474,0,2
vin123456789,2023/6/23 15:37,2023/6/23 20:16,0.889451952,55782,1.490675864,0,2
vin123456789,2023/6/26 17:48,2023/6/26 21:05,0.879462796,55841,1.485899317,0,2
vin123456789,2023/6/28 18:17,2023/6/28 22:14,0.888513514,55903,1.49427884,0,2
vin123456789,2023/6/29 19:21,2023/6/29 22:46,0.900975976,55957,1.501406957,0,2
vin123456789,2023/7/13 17:48,2023/7/13 21:16,0.896546547,56020,1.495221239,0,2
vin123456789,2023/7/14 20:29,2023/7/15 11:18,0.890640641,56066,1.488928557,0,2
vin123456789,2023/7/28 20:41,2023/7/29 0:13,0.884984985,56178,1.484287171,0,2
vin123456789,2023/8/15 9:02,2023/8/15 12:56,0.883633634,56247,1.484165526,0,2
vin123456789,2023/8/27 8:12,2023/8/27 11:56,0.889714715,56329,1.486597377,0,2
vin123456789,2023/8/27 19:24,2023/8/27 23:35,0.889489489,56387,1.483083305,0,2
vin123456789,2023/9/5 18:04,2023/9/5 20:51,0.881343844,56507,1.475407085,0,2
vin123456789,2023/9/9 8:43,2023/9/9 12:35,0.882507508,56559,1.475775516,0,2
vin123456789,2023/9/12 18:14,2023/9/12 22:26,0.873723724,56618,1.470905871,0,2
vin123456789,2023/9/13 19:26,2023/9/14 7:36,0.880705706,56674,1.477701562,0,2
vin123456789,2023/9/15 21:57,2023/9/16 1:37,0.878303303,56723,1.477532028,0,2
vin123456789,2023/9/17 15:09,2023/9/17 19:06,0.890056723,57038,1.483405594,0,2
vin123456789,2023/9/18 21:54,2023/9/19 1:41,0.875563063,57090,1.473694268,0,2
vin123456789,2023/9/19 18:26,2023/9/19 21:52,0.890165165,57136,1.479263838,0,2
vin123456789,2023/9/21 17:37,2023/9/21 21:17,0.879429429,57224,1.466783282,0,2
vin123456789,2023/9/24 9:47,2023/9/24 13:15,0.867617618,57307,1.45855331,0,2
vin123456789,2023/9/27 17:55,2023/9/27 20:33,0.875709042,57351,1.46205206,0,2
vin123456789,2023/10/1 21:22,2023/10/2 0:34,0.870026276,57929,1.4548859,0,2
vin123456789,2023/10/6 17:49,2023/10/6 21:55,0.869069069,58028,1.451179456,0,2
vin123456789,2023/10/9 18:38,2023/10/9 21:50,0.864531198,58139,1.445639015,0,2
vin123456789,2023/10/12 21:24,2023/10/13 1:16,0.859271772,58274,1.444367801,0,2
vin123456789,2023/10/16 18:03,2023/10/16 21:55,0.862612613,58342,1.449822018,0,2
vin123456789,2023/10/17 18:03,2023/10/17 21:36,0.867158825,58387,1.456377333,0,2
vin123456789,2023/10/18 18:02,2023/10/18 21:20,0.867567568,58431,1.457316469,0,2
vin123456789,2023/10/19 17:56,2023/10/19 21:15,0.876576577,58476,1.455992822,0,2
vin123456789,2023/10/20 18:01,2023/10/20 21:40,0.860694027,58520,1.451840114,0,2
vin123456789,2023/10/23 18:04,2023/10/23 21:39,0.871621622,58565,1.463578157,0,2
vin123456789,2023/10/26 18:07,2023/10/26 21:38,0.8746997,58633,1.466157871,0,2
